Algorithm,Runtime(ms),ActualExecCost,ActualMigrCost,SurvRate,ActualTotalCost,TargetOpt,Norm_Runtime,Norm_ExecCost,Norm_MigrCost,Norm_SurvRate,Norm_TotalCost,Comprehensive_Score
CATM,1718,97.2409,90.2395,0.9433,187.4804,-2.1009,1.0,0.18394000000000024,0.873702197734027,0.0,0.46368888888888876,0.4172926593202082
KBTM,1907,100.0,100.0,0.9921,200.0,-0.8929,0.9857702153290168,0.0,0.3232535712472999,0.9439071566731139,0.0,0.4787252399090258
HCTM-MPF,2240,90.0,105.7319,0.98,195.7319,-1.4168,0.9606986899563319,0.6666666666666666,0.0,0.7098646034816243,0.15807777777777793,0.5090292500401205
OPT,15000,85.0,88.0,0.995,173.0,-2.5,0.0,1.0,1.0,1.0,1.0,0.8999999999999999
